Rider_normalized,Team,Year,Conditions,Track Conditions,proba_podio
Aben,,2002,,,0.04790796245344876
Aben,,2004,,,0.025171824525984536
Abrahamcardion,Cardion AB Motoracing,2011,,,0.010845319269970838
Abrahamcardion,Cardion AB Motoracing,2013,Partly Cloudy,Dry,0.005940755104175177
Abrahamcardion,Cardion AB Motoracing,2014,Partly Cloudy,Dry,0.007184972186147057
Abrahampull,Pull&Bear Aspar Team,2017,Partly Cloudy,Dry,0.007183178586533702
Abrahamreale,Reale Avintia Racing,2019,Partly Cloudy,Dry,0.006793313523709977
Acosta,Red Bull GASGAS Tech3,2024,,,0.12103300152692953
Acosta,Red Bull KTM Factory Racing,2025,Clear,Dry,0.7346377096343506
Aldeguer,BK8 Gresini Racing MotoGP,2025,Clear,Dry,0.041621507785618836
Alesmovistar,Movistar Yamaha MotoGP,2017,Partly Cloudy,Dry,0.7525857357230779
Alesmovistar,Movistar Yamaha MotoGP,2018,Clear,Dry,0.16193514215924035
Alesteam,Team SUZUKI ECSTAR,2016,Clear,Dry,0.19888561308427122
Angelissan,San Carlo Honda Gresini,2008,Sunny,Dry,0.028423022130811763
Angelissan,San Carlo Honda Gresini,2009,Partly Cloudy,Wet,0.018880556704286913
Aokin,,2004,,,0.019996529199928267
Aoyamadrive,Drive M7 Aspar,2014,Partly Cloudy,Dry,0.008409251923452155
Aoyamainterwetten,Interwetten Honda MotoGP,2010,,,0.007104164867838161
Aoyamasan,San Carlo Honda Gresini,2011,,,0.024444569501091633
Bagnaia,Ducati Lenovo Team,2023,Partly Cloudy,Dry,0.7252964210969802
Bagnaia,Ducati Lenovo Team,2024,,,0.9810705600153734
Bagnaia,Ducati Lenovo Team,2025,Clear,Dry,0.8593363874892669
Barberaavintia,Avintia Blusens,2013,Partly Cloudy,Dry,0.011834550619033227
Barberaavintia,Avintia Racing,2016,Clear,Dry,0.009587568140141457
Barberamapfre,Mapfre Aspar Team MotoGP,2011,,,0.02515332904848935
Barberapaginas,Paginas Amarillas Aspar,2010,,,0.009978319653076632
Barberapramac,Pramac Racing Team,2012,Partly Cloudy,Dry,0.03130690490066438
Barberareale,Reale Avintia Racing,2017,Partly Cloudy,Dry,0.005896729820674485
Barros,,2005,Partly Cloudy,Dry,0.02428252898183211
Barrosa,,2002,,,0.7657548145824681
Barrosa,,2004,,,0.09242708100401592
Barrospramac,Pramac d'Antin,2007,Sunny,Dry,0.03460966054806177
Bastianini,Ducati Lenovo Team,2023,Partly Cloudy,Dry,0.05132551167911868
Bastianini,Ducati Lenovo Team,2024,,,0.9704868718388961
Battaini,,2005,Partly Cloudy,Dry,0.019012823204002747
Bautistaangel,Angel Nieto Team,2018,Clear,Dry,0.058486161784955255
Bautistago,GO&FUN Honda Gresini,2014,Partly Cloudy,Dry,0.00790397559026668
Bautistapull,Pull&Bear Aspar Team,2017,Partly Cloudy,Dry,0.012445720979796928
Bautistarizla,Rizla Suzuki MotoGP,2010,,,0.00790397559026668
Bautistarizla,Rizla Suzuki MotoGP,2011,,,0.016744066024199786
Bautistasan,San Carlo Honda Gresini,2012,Partly Cloudy,Dry,0.020967428981428993
Baylej,,2002,,,0.02025390479912407
Bayliss,,2005,Partly Cloudy,Dry,0.027644198367129665
Baylisst,,2004,,,0.7950934037716259
Bazreale,Reale Avintia Racing,2017,Partly Cloudy,Dry,0.00785569450075167
Bezzecchi,Mooney VR46 Racing Team,2023,Partly Cloudy,Dry,0.1416521957107793
Bezzecchi,Pertamina Enduro VR46 Racing Team,2024,,,0.010458999504465723
Bezzecchi,Aprilia Racing,2025,Clear,Dry,0.05116851158902619
Biaggi,,2005,Partly Cloudy,Dry,0.0500541177622846
Biaggim,,2002,,,0.8337482826078413
Biaggim,,2003,,,0.10833479746643288
Biaggim,,2004,,,0.785508578260573
Binder,Red Bull KTM Factory Racing,2021,Clear,Dry,0.46492792385603604
Binder,Red Bull KTM Factory Racing,2023,Partly Cloudy,Dry,0.4704406333230102
Binder,Red Bull KTM Factory Racing,2024,,,0.012927404394295927
Binder,Red Bull KTM Factory Racing,2025,Clear,Dry,0.03400487379681974
Bradl,Repsol Honda Team,2020,Clear,Dry,0.04438330615371408
Bradlaprilia,Aprilia Racing Team Gresini,2016,Clear,Dry,0.007094509248854248
Bradllcr,LCR Honda MotoGP,2012,Partly Cloudy,Dry,0.1704637961084649
Bradllcr,LCR Honda MotoGP,2013,Partly Cloudy,Dry,0.18051648534464454
Byrne,,2005,Partly Cloudy,Dry,0.02915372987942478
Byrnes,,2004,,,0.01804849007815511
Canepapramac,Pramac Racing,2009,Partly Cloudy,Wet,0.00777043426960803
Capirossi,,2005,Partly Cloudy,Dry,0.04451881417639089
Capirossiducati,Ducati Marlboro Team,2006,Sunny,Dry,0.6218740812973074
Capirossiducati,Ducati Marlboro Team,2007,Sunny,Dry,0.14424016196588457
Capirossil,,2002,,,0.11416185605685701
Capirossil,,2003,,,0.30026817619088275
Capirossil,,2004,,,0.024222032557591464
Capirossirizla,Rizla Suzuki MotoGP,2008,Sunny,Dry,0.1261959233824389
Capirossirizla,Rizla Suzuki MotoGP,2009,Partly Cloudy,Wet,0.06522495370810183
Capirossirizla,Rizla Suzuki MotoGP,2010,,,0.006793313523709977
Cardosopramac,Pramac d'Antín MotoGP,2006,Sunny,Dry,0.005678094122150456
Chantra,IDEMITSU Honda LCR,2025,Clear,Dry,0.005909387630133187
Checa,,2005,Partly Cloudy,Dry,0.018639501352213515
Checa,,2005,Partly Cloudy,Dry,0.06301879749947187
Checac,,2002,,,0.08215410911301303
Checac,,2003,,,0.05328356052430051
Checatech,Tech 3 Yamaha,2006,Sunny,Dry,0.010488401250669077
Crutchlow,Monster Yamaha Tech 3,2012,Partly Cloudy,Dry,0.2639760701136961
Crutchlow,Monster Yamaha Tech 3,2013,Partly Cloudy,Dry,0.04961510426428103
Crutchlow,LCR Honda,2016,Clear,Dry,0.06569626895313942
Crutchlow,LCR Honda CASTROL,2018,Clear,Dry,0.06130141411918007
Crutchlow,LCR Honda CASTROL,2019,Partly Cloudy,Dry,0.06506881644336554
Crutchlow,LCR Honda CASTROL,2020,Clear,Dry,0.00742804750488461
Dovizioso,JiR Team Scot MotoGP,2008,Sunny,Dry,0.05872476051331173
Dovizioso,Repsol Honda Team,2009,Partly Cloudy,Wet,0.2514110943577102
Dovizioso,Repsol Honda Team,2010,,,0.9740684925522626
Dovizioso,Repsol Honda Team,2011,,,0.5858649687703628
Dovizioso,Monster Yamaha Tech 3,2012,Partly Cloudy,Dry,0.11744590919928781
Dovizioso,Ducati Team,2013,Partly Cloudy,Dry,0.06487050190786244
Dovizioso,Ducati Team,2014,Partly Cloudy,Dry,0.056928304283613444
Dovizioso,Ducati Team,2016,Clear,Dry,0.10503342041146788
Dovizioso,Ducati Team,2017,Partly Cloudy,Dry,0.07099629032024558
Dovizioso,Ducati Team,2018,Clear,Dry,0.9777425298604977
Dovizioso,Mission Winnow Ducati,2019,Partly Cloudy,Dry,0.29947564615358985
Dovizioso,Ducati Team,2020,Clear,Dry,0.010032904250522856
Edwards,,2005,Partly Cloudy,Dry,0.8698217069487622
Edwardsc,,2003,,,0.019996529199928267
Edwardsc,,2004,,,0.08390298874927588
Edwardscamel,Camel Yamaha Team,2006,Sunny,Dry,0.05361787406997289
Edwardsfiat,Fiat Yamaha Team,2007,Sunny,Dry,0.03241471665660925
Edwardsmonster,Monster Yamaha Tech 3,2009,Partly Cloudy,Wet,0.10804768903919794
Edwardsmonster,Monster Yamaha Tech 3,2010,,,0.008409251923452155
Edwardsmonster,Monster Yamaha Tech 3,2011,,,0.05494555533698207
Edwardsngm,NGM Mobile Forward Racing,2013,Partly Cloudy,Dry,0.006793313523709977
Edwardsngm,NGM Forward Racing,2014,Partly Cloudy,Dry,0.007184972186147057
Edwardstech,Tech 3 Yamaha,2008,Sunny,Dry,0.05345031910216864
Eliasalice,Alice Team,2008,Sunny,Dry,0.015901020456732706
Eliasfortuna,Fortuna Honda,2006,Sunny,Dry,0.05361787406997289
Eliashonda,Honda Gresini,2007,Sunny,Dry,0.0299588229177998
Eliaslcr,LCR Honda MotoGP,2011,,,0.008314959373284947
Eliassan,San Carlo Honda Gresini,2009,Partly Cloudy,Wet,0.01581284918195742
Ellisonpaul,Paul Bird Motorsport,2012,Partly Cloudy,Dry,0.008314959373284947
Ellisontech,Tech 3 Yamaha,2006,Sunny,Dry,0.007104164867838161
Espargaro,Pramac Racing Team,2010,,,0.030286962422482133
Espargaro,Power Electronics Aspar,2012,Partly Cloudy,Dry,0.008477319028688266
Espargaro,Power Electronics Aspar,2013,Partly Cloudy,Dry,0.030624530177680836
Espargaro,Monster Yamaha Tech 3,2014,Partly Cloudy,Dry,0.07778759556065146
Espargaro,NGM Forward Racing,2014,Partly Cloudy,Dry,0.02627988380311814
Espargaro,Team SUZUKI ECSTAR,2016,Clear,Dry,0.02696885013356611
Espargaro,Monster Yamaha Tech 3,2016,Clear,Dry,0.006694392413622743
Espargaro,Red Bull KTM Factory Racing,2018,Clear,Dry,0.01355917121289644
Espargaro,Red Bull KTM Factory Racing,2019,Partly Cloudy,Dry,0.011502553706352902
Espargaro,Aprilia Racing Team Gresini,2019,Partly Cloudy,Dry,0.010716437288549931
Espargaro,Red Bull KTM Factory Racing,2020,Clear,Dry,0.2658132969863656
Espargaro,Aprilia Racing Team Gresini,2020,Clear,Dry,0.09696782399783446
Espargaro,Aprilia Racing Team Gresini,2021,Clear,Dry,0.014347420255327554
Espargaro,Repsol Honda Team,2021,Clear,Dry,0.013604616322300837
Espargaro,Aprilia Racing,2023,Partly Cloudy,Dry,0.009143971930872928
Espargaro,Aprilia Racing,2024,,,0.017287868142163994
Espargaro,Red Bull KTM Factory Racing,2024,,,0.014364098461506918
Fabriziom,,2004,,,0.019996529199928267
Fernandez,GASGAS Factory Racing Tech3,2023,Partly Cloudy,Dry,0.009428828675777155
Fernandez,CryptoDATA RNF MotoGP Team,2023,Partly Cloudy,Dry,0.013655402953413635
Fernandez,Trackhouse Racing,2024,,,0.00947034302865788
Fernandez,Trackhouse MotoGP Team,2025,Clear,Dry,0.030286962422482133
Folger,GASGAS Factory Racing Tech3,2023,Partly Cloudy,Dry,0.005666028510500673
Folgermonster,Monster Yamaha Tech 3,2017,Partly Cloudy,Dry,0.0556453839951869
Giannantonio,Gresini Racing MotoGP,2023,Partly Cloudy,Dry,0.011324254971466151
Giannantonio,Pertamina Enduro VR46 Racing Team,2024,,,0.018317793307317896
Giannantonio,Pertamina Enduro VR46 Racing Team,2025,Clear,Dry,0.08528632393535994
Gibernauducati,Ducati Marlboro Team,2006,Sunny,Dry,0.30660864669898624
Gibernaus,,2003,,,0.8798932291753834
Gibernaus,,2004,,,0.43600195091944705
Goorberghj,,2002,,,0.02025390479912407
Guintolialice,Alice Team,2008,Sunny,Dry,0.005678094122150456
Guintolidunlop,Dunlop Yamaha Tech 3,2007,Sunny,Dry,0.009354272420699247
Guintoliteam,Team SUZUKI ECSTAR,2017,Partly Cloudy,Dry,0.006793313523709977
Haradat,,2002,,,0.019996529199928267
Hayden,,2005,Partly Cloudy,Dry,0.05767012726748001
Haydenducati,Ducati Marlboro Team,2009,Partly Cloudy,Wet,0.036632695021015564
Haydenducati,Ducati Team,2011,,,0.06965540243510342
Haydenducati,Ducati Team,2012,Partly Cloudy,Dry,0.07265232245698429
Haydenducati,Ducati Team,2013,Partly Cloudy,Dry,0.05634853235703718
Haydenn,,2003,,,0.027217842381181946
Haydenrepsol,Repsol Honda Team,2006,Sunny,Dry,0.5510841550477291
Haydenrepsol,Repsol Honda Team,2007,Sunny,Dry,0.10286184614710274
Haydenrepsol,Repsol Honda Team,2008,Sunny,Dry,0.009600511786695314
Hernandezaspar,Aspar Team MotoGP,2016,Clear,Dry,0.006980957226569454
Hernandezenergy,Energy T.I. Pramac Racing,2014,Partly Cloudy,Dry,0.00790397559026668
Hernandezpaul,Paul Bird Motorsport,2013,Partly Cloudy,Dry,0.005896729820674485
Hodgsonn,,2004,,,0.020087998595269437
Hofmann,,2005,Partly Cloudy,Dry,0.027077327389120373
Hofmanna,,2003,,,0.0166997242323165
Hofmanna,,2004,,,0.022181070560340514
Hofmannpramac,Pramac d'Antin,2007,Sunny,Dry,0.03186926502299474
Hopkins,,2005,Partly Cloudy,Dry,0.015786098879505567
Hopkinsj,,2002,,,0.026764480805964785
Hopkinsrizla,Rizla Suzuki MotoGP,2006,Sunny,Dry,0.009207694421974508
Hopkinsrizla,Rizla Suzuki MotoGP,2007,Sunny,Dry,0.3486665445787894
Iannoneaprilia,Aprilia Racing Team Gresini,2019,Partly Cloudy,Dry,0.0071088989863298275
Iannoneducati,Ducati Team,2016,Clear,Dry,0.49347807172452546
Iannoneenergy,Energy T.I. Pramac Racing,2013,Partly Cloudy,Dry,0.00785569450075167
Iannonepramac,Pramac Racing,2014,Partly Cloudy,Dry,0.036334231072917
Iannoneteam,Team SUZUKI ECSTAR,2017,Partly Cloudy,Dry,0.01724515592422304
Iannoneteam,Team SUZUKI ECSTAR,2018,Clear,Dry,0.11072388832828611
Iodaracing,Came IodaRacing Project,2013,Partly Cloudy,Dry,0.007051221869992819
Jacquekawasaki,Kawasaki Racing Team,2007,Sunny,Dry,0.0073389525153201955
Jacqueo,,2002,,,0.04350843808184148
Jacqueo,,2003,,,0.031749770919695296
Jr,,2005,Partly Cloudy,Dry,0.01929369819507148
Kalliopramac,Pramac Racing,2009,Partly Cloudy,Wet,0.0104680414977252
Kalliored,Red Bull KTM Tech 3,2020,Clear,Dry,0.016753471101276438
Kiyonarir,,2003,,,0.018613433340146736
Laconir,,2002,,,0.01830069722705105
Lavertyaspar,Aspar Team MotoGP,2016,Clear,Dry,0.012057940308550683
Lavertypaul,Paul Bird Motorsport,2013,Partly Cloudy,Dry,0.005343369631512819
Lavertypaul,Paul Bird Motorsport,2014,Partly Cloudy,Dry,0.005940755104175177
Lecuona,Tech 3 KTM Factory Racing,2021,Clear,Dry,0.011421460451865317
Lorenzo,Fiat Yamaha Team,2009,Partly Cloudy,Wet,0.8701285690980765
Lorenzo,Fiat Yamaha Team,2010,,,0.9818021999469935
Lorenzo,Yamaha Factory Racing,2011,,,0.8641273214361377
Lorenzo,Yamaha Factory Racing,2012,Partly Cloudy,Dry,0.6462576390622503
Lorenzo,Yamaha Factory Racing,2013,Partly Cloudy,Dry,0.9801117582233897
Lorenzo,Movistar Yamaha MotoGP,2014,Partly Cloudy,Dry,0.9239503535528856
Lorenzo,Movistar Yamaha MotoGP,2016,Clear,Dry,0.9844527382274184
Lorenzo,Ducati Team,2017,Partly Cloudy,Dry,0.06358406615395976
Lorenzo,Ducati Team,2018,Clear,Dry,0.9738246284640291
Lorenzo,Repsol Honda Team,2019,Partly Cloudy,Dry,0.0403537657009488
Lowesaprilia,Aprilia Racing Team Gresini,2017,Partly Cloudy,Dry,0.007051221869992819
Marini,SKY VR46 Avintia,2021,Clear,Dry,0.006633576059594902
Marini,Mooney VR46 Racing Team,2023,Partly Cloudy,Dry,0.06723875370158416
Marini,Repsol Honda Team,2024,,,0.006791927862201791
Marquez,Repsol Honda Team,2014,Partly Cloudy,Dry,0.9302742176359436
Marquez,Repsol Honda Team,2016,Clear,Dry,0.8567977944236499
Marquez,Repsol Honda Team,2017,Partly Cloudy,Dry,0.648271239761447
Marquez,Repsol Honda Team,2018,Clear,Dry,0.05151652203827384
Marquez,Repsol Honda Team,2019,Partly Cloudy,Dry,0.8226925493348246
Marquez,Repsol Honda Team,2020,Clear,Dry,0.11718458621035997
Marquez,LCR Honda CASTROL,2021,Clear,Dry,0.016586102100630877
Marquez,Gresini Racing MotoGP,2024,,,0.42830050555444904
Marquez,Gresini Racing MotoGP,2024,,,0.3758257191876038
Marquez,Ducati Lenovo Team,2025,Clear,Dry,0.8647413018356386
Marquez,BK8 Gresini Racing MotoGP,2025,Clear,Dry,0.24278403640631327
Martin,Prima Pramac Racing,2023,Partly Cloudy,Dry,0.8485184705780866
Martin,Prima Pramac Racing,2024,,,0.6738906922543692
Mccoyg,,2003,,,0.022181070560340514
Mcwilliamsj,,2004,,,0.017202787293954747
Meglioavintia,Avintia Racing,2014,Partly Cloudy,Dry,0.006793313523709977
Melandri,,2005,Partly Cloudy,Dry,0.05196435056361701
Melandrifortuna,Fortuna Honda,2006,Sunny,Dry,0.3851419576819576
Melandrihayate,Hayate Racing Team,2009,Partly Cloudy,Wet,0.007104164867838161
Melandrihonda,Honda Gresini,2007,Sunny,Dry,0.11634796244943729
Melandrim,,2003,,,0.02025390479912407
Melandrim,,2004,,,0.07295383013294887
Melandrisan,San Carlo Honda Gresini,2010,,,0.040600931418463174
Miller,"EG 0,0 Marc VDS",2017,Partly Cloudy,Dry,0.008409251923452155
Miller,Pramac Racing,2020,Clear,Dry,0.9837833537549007
Miller,Ducati Lenovo Team,2021,Clear,Dry,0.33744071224470223
Miller,Red Bull KTM Factory Racing,2023,Partly Cloudy,Dry,0.044478729468457996
Miller,Red Bull KTM Factory Racing,2024,,,0.00790397559026668
Mir,Team SUZUKI ECSTAR,2019,Partly Cloudy,Dry,0.02380220700203425
Mir,Team SUZUKI ECSTAR,2021,Clear,Dry,0.490360299535769
Mir,Honda HRC Castrol,2025,Clear,Dry,0.007382219840021201
Morbidelli,"EG 0,0 Marc VDS",2018,Clear,Dry,0.005400674992968526
Morbidelli,Petronas Yamaha SRT,2020,Clear,Dry,0.6331699528336653
Morbidelli,Petronas Yamaha SRT,2021,Clear,Dry,0.006481825742090637
Morbidelli,Monster Energy Yamaha MotoGP,2023,Partly Cloudy,Dry,0.013996301789376388
Morbidelli,Prima Pramac Racing,2024,,,0.12654009718248332
Morbidelli,Pertamina Enduro VR46 Racing Team,2025,Clear,Dry,0.16167552068230345
Nakagami,LCR Honda IDEMITSU,2018,Clear,Dry,0.00857962646047768
Nakagami,LCR Honda IDEMITSU,2019,Partly Cloudy,Dry,0.06531780114777852
Nakagami,LCR Honda IDEMITSU,2020,Clear,Dry,0.11172461085913614
Nakagami,LCR Honda IDEMITSU,2023,Partly Cloudy,Dry,0.00947034302865788
Nakagami,Honda HRC Castrol,2025,Clear,Dry,0.006791927862201791
Nakano,,2005,Partly Cloudy,Dry,0.02915372987942478
Nakanokawasaki,Kawasaki Racing Team,2006,Sunny,Dry,0.015771776884185622
Nakanokonica,Konica Minolta Honda,2007,Sunny,Dry,0.005678094122150456
Nakanos,,2002,,,0.032850888178720866
Nakanos,,2003,,,0.03486665403010574
Nakanosan,San Carlo Honda Gresini,2008,Sunny,Dry,0.055744082305244705
Ogura,Trackhouse MotoGP Team,2025,Clear,Dry,0.024583472381928827
Okadarepsol,Repsol Honda Team,2008,Sunny,Dry,0.008035944269603237
Oliveira,Red Bull KTM Tech 3,2019,Partly Cloudy,Dry,0.009410429068123323
Oliveira,Red Bull KTM Tech 3,2020,Clear,Dry,0.7337826740932681
Oliveira,Red Bull KTM Factory Racing,2021,Clear,Dry,0.4418383043914571
Oliveira,Trackhouse Racing,2024,,,0.010163809564766488
Oliveira,Prima Pramac Yamaha MotoGP,2025,Clear,Dry,0.007909351430735739
Parkespaul,Paul Bird Motorsport,2014,Partly Cloudy,Dry,0.0051445092724246334
Pasinispeed,Speed Master,2012,Partly Cloudy,Dry,0.005896729820674485
Pedrosa,Repsol Honda Team,2006,Sunny,Dry,0.7798737408637949
Pedrosa,Repsol Honda Team,2007,Sunny,Dry,0.6358374366826081
Pedrosa,Repsol Honda Team,2008,Sunny,Dry,0.036947069702221585
Pedrosa,Repsol Honda Team,2010,,,0.9739730938108999
Pedrosa,Repsol Honda Team,2011,,,0.43243756301212083
Pedrosa,Repsol Honda Team,2012,Partly Cloudy,Dry,0.608624771226369
Pedrosa,Repsol Honda Team,2013,Partly Cloudy,Dry,0.9672271550695114
Pedrosa,Repsol Honda Team,2014,Partly Cloudy,Dry,0.7545667124010158
Pedrosa,Repsol Honda Team,2016,Clear,Dry,0.31067139026791335
Petruccialma,Alma Pramac Racing,2018,Clear,Dry,0.1712748491730782
Petruccicame,Came IodaRacing Project,2013,Partly Cloudy,Dry,0.006758547243503324
Petrucciducati,Ducati Team,2020,Clear,Dry,0.007719323193214685
Petruccimission,Mission Winnow Ducati,2019,Partly Cloudy,Dry,0.16511264471248124
Petrucciocto,OCTO Pramac Yakhnich,2016,Clear,Dry,0.02051217292689373
Petrucciocto,OCTO Pramac Racing,2017,Partly Cloudy,Dry,0.03275735240042609
Petruccitech,Tech 3 KTM Factory Racing,2021,Clear,Dry,0.00790397559026668
Pirro,Ducati Test Team,2013,Partly Cloudy,Dry,0.038666214334418726
Pirro,Ducati Team,2014,Partly Cloudy,Dry,0.027198343745968887
Pirro,Ducati Team,2016,Clear,Dry,0.02158451864555411
Pirro,Ducati Team,2017,Partly Cloudy,Dry,0.04768113566485586
Pirro,Mission Winnow Ducati,2019,Partly Cloudy,Dry,0.0423380824509707
Pirro,Pramac Racing,2021,Clear,Dry,0.01973251758859298
Pirro,Aruba.it Racing,2023,Partly Cloudy,Dry,0.005909387630133187
Pitta,,2003,,,0.022492705725111754
Pitta,,2004,,,0.028488208024179285
Punietkawasaki,Kawasaki Racing Team,2006,Sunny,Dry,0.005666028510500673
Punietlcr,LCR Honda MotoGP,2009,Partly Cloudy,Wet,0.06395608177595227
Punietlcr,LCR Honda MotoGP,2010,,,0.04553451185068817
Punietpower,Power Electronics Aspar,2012,Partly Cloudy,Dry,0.00790397559026668
Punietpower,Power Electronics Aspar,2013,Partly Cloudy,Dry,0.01798892009083611
Punietpramac,Pramac Racing Team,2011,,,0.008409251923452155
Quartararo,Petronas Yamaha SRT,2019,Partly Cloudy,Dry,0.07455885375303556
Quartararo,Petronas Yamaha SRT,2020,Clear,Dry,0.03025003537340381
Quartararo,Monster Energy Yamaha MotoGP,2021,Clear,Dry,0.5546739130198481
Quartararo,Monster Energy Yamaha MotoGP,2023,Partly Cloudy,Dry,0.010552456489401434
Quartararo,Monster Energy Yamaha MotoGP Team,2024,,,0.00947034302865788
Quartararo,Monster Energy Yamaha MotoGP Team,2025,Clear,Dry,0.014056695620968195
Rabateg,"EG 0,0 Marc VDS",2017,Partly Cloudy,Dry,0.007104164867838161
Rabatesponsorama,Esponsorama Racing,2020,Clear,Dry,0.005666028510500673
Rabatreale,Reale Avintia Racing,2018,Clear,Dry,0.006633576059594902
Reddinggo,GO&FUN Honda Gresini,2014,Partly Cloudy,Dry,0.008646373148643558
Reddingocto,OCTO Pramac Racing,2017,Partly Cloudy,Dry,0.021933063935784033
Rins,Team SUZUKI ECSTAR,2018,Clear,Dry,0.50717009039102
Rins,Team SUZUKI ECSTAR,2019,Partly Cloudy,Dry,0.16629088837804434
Rins,Team SUZUKI ECSTAR,2020,Clear,Dry,0.008808702245065884
Rins,Monster Energy Yamaha MotoGP Team,2024,,,0.004407826893000838
Rins,Monster Energy Yamaha MotoGP Team,2025,Clear,Dry,0.008684557728790055
Roberts,Team Roberts,2006,Sunny,Dry,0.0517518036511034
Roberts,Team Roberts,2007,Sunny,Dry,0.011546089466583543
Rolfo,,2005,Partly Cloudy,Dry,0.014804169041926014
Rossi,,2002,,,0.9254948904001684
Rossi,,2003,,,0.8530725316890676
Rossi,,2004,,,0.8296723754565064
Rossi,,2005,Partly Cloudy,Dry,0.9268725939513729
Rossi,Camel Yamaha Team,2006,Sunny,Dry,0.3178487249779972
Rossi,Fiat Yamaha Team,2007,Sunny,Dry,0.10340842852210631
Rossi,Fiat Yamaha Team,2008,Sunny,Dry,0.9634895244722506
Rossi,Fiat Yamaha Team,2009,Partly Cloudy,Wet,0.7369321269428554
Rossi,Ducati Team,2011,,,0.06084559989224125
Rossi,Ducati Team,2012,Partly Cloudy,Dry,0.05208504649822015
Rossi,Movistar Yamaha MotoGP,2014,Partly Cloudy,Dry,0.6674038029244526
Rossi,Movistar Yamaha MotoGP,2017,Partly Cloudy,Dry,0.46561723916140996
Rossi,Movistar Yamaha MotoGP,2018,Clear,Dry,0.730396361569687
Rossi,Monster Energy Yamaha MotoGP,2020,Clear,Dry,0.008637844659563602
Rossi,Petronas Yamaha SRT,2021,Clear,Dry,0.014367043220779151
Savadori,Aprilia Racing Team Gresini,2021,Clear,Dry,0.007872441616730577
Savadori,Aprilia Racing,2023,Partly Cloudy,Dry,0.0074334028850492374
Savadori,Aprilia Racing,2024,,,0.006176591162956278
Savadori,Aprilia Racing,2025,Clear,Dry,0.008316852441217758
Silvaavintia,Avintia Blusens,2012,Partly Cloudy,Dry,0.0051445092724246334
Simeonreale,Reale Avintia Racing,2018,Clear,Dry,0.005666028510500673
Simoncellisan,San Carlo Honda Gresini,2010,,,0.055975526485492096
Simoncellisan,San Carlo Honda Gresini,2011,,,0.0710089328283806
Smithmonster,Monster Yamaha Tech 3,2013,Partly Cloudy,Dry,0.0566642455192301
Smithmonster,Monster Yamaha Tech 3,2016,Clear,Dry,0.00935887133355644
Smithred,Red Bull KTM Factory Racing,2017,Partly Cloudy,Dry,0.00790397559026668
Smithred,Red Bull KTM Factory Racing,2018,Clear,Dry,0.005909387630133187
Spiesmonster,Monster Yamaha Tech 3,2010,,,0.010845319269970838
Spiesyamaha,Yamaha Factory Racing,2011,,,0.8391447540636414
Spiesyamaha,Yamaha Factory Racing,2012,Partly Cloudy,Dry,0.025761221056532176
Staringgo,GO&FUN Honda Gresini,2013,Partly Cloudy,Dry,0.00747671283081413
Stoner,Ducati Marlboro Team,2007,Sunny,Dry,0.6749463052281577
Stoner,Ducati Marlboro Team,2008,Sunny,Dry,0.9776273666764254
Stoner,Ducati Marlboro Team,2009,Partly Cloudy,Wet,0.03325694351982752
Stoner,Ducati Marlboro Team,2010,,,0.8525748903435307
Stoner,Repsol Honda Team,2011,,,0.7880165883279606
Stoner,Repsol Honda Team,2012,Partly Cloudy,Dry,0.7506664516288487
Syahrinmonster,Monster Yamaha Tech 3,2018,Clear,Dry,0.007275426705000389
Tamada,,2005,Partly Cloudy,Dry,0.02915372987942478
Tamadadunlop,Dunlop Yamaha Tech 3,2007,Sunny,Dry,0.00790397559026668
Tamadakonica,Konica Minolta Honda,2006,Sunny,Dry,0.02515332904848935
Tamadam,,2003,,,0.020087998595269437
Toselandmonster,Monster Yamaha Tech 3,2009,Partly Cloudy,Wet,0.05361787406997289
Toselandtech,Tech 3 Yamaha,2008,Sunny,Dry,0.015250279206853333
Ukawat,,2002,,,0.3035090066447963
Ukawat,,2003,,,0.044934391960064234
Vermeulenrizla,Rizla Suzuki MotoGP,2006,Sunny,Dry,0.00790115818716844
Vermeulenrizla,Rizla Suzuki MotoGP,2007,Sunny,Dry,0.11406454158447801
Vermeulenrizla,Rizla Suzuki MotoGP,2008,Sunny,Dry,0.08563302676444734
Vermeulenrizla,Rizla Suzuki MotoGP,2009,Partly Cloudy,Wet,0.036531096886997294
Viñales,Monster Energy Yamaha MotoGP,2019,Partly Cloudy,Dry,0.3055673049773657
Viñales,Monster Energy Yamaha MotoGP,2020,Clear,Dry,0.008829055212246702
Viñales,Monster Energy Yamaha MotoGP,2021,Clear,Dry,0.01765154442896292
Viñales,Aprilia Racing,2023,Partly Cloudy,Dry,0.017363976342535583
Viñales,Aprilia Racing,2024,,,0.011589608584154332
Westkawasaki,Kawasaki Racing Team,2008,Sunny,Dry,0.01146806232130826
Xaus,,2005,Partly Cloudy,Dry,0.015786098879505567
Xausr,,2004,,,0.022492705725111754
Zarco,Monster Yamaha Tech 3,2017,Partly Cloudy,Dry,0.08364998356537766
Zarco,Monster Yamaha Tech 3,2018,Clear,Dry,0.01199812226752228
Zarco,Red Bull KTM Factory Racing,2019,Partly Cloudy,Dry,0.008736615009738765
Zarco,Esponsorama Racing,2020,Clear,Dry,0.00996034245869258
Zarco,Pramac Racing,2021,Clear,Dry,0.06472836852877963
Zarco,Prima Pramac Racing,2023,Partly Cloudy,Dry,0.8754995438700698
Zarco,CASTROL Honda LCR,2024,,,0.00947034302865788
